name,fixed_position,fixed_sc_position
6my4_rbd_G496T500G502_knob_150_0_cleaned,"H11-24,H21-48,H31-93,L11-140,L21-164,L31-203",
6my4_rbd_G496T500G502_knob_150_10_cleaned,"H11-24,H21-49,H31-97,L11-143,L21-171,L31-210",
6my4_rbd_G496T500G502_knob_150_11_cleaned,"H11-24,H21-48,H31-97,L11-142,L21-167,L31-206",
6my4_rbd_G496T500G502_knob_150_12_cleaned,"H11-24,H21-52,H31-100,L11-145,L21-172,L31-211",
6my4_rbd_G496T500G502_knob_150_13_cleaned,"H11-24,H21-49,H31-97,L11-138,L21-162,L31-201",
6my4_rbd_G496T500G502_knob_150_14_cleaned,"H11-24,H21-49,H31-96,L11-142,L21-168,L31-207",
6my4_rbd_G496T500G502_knob_150_15_cleaned,"H11-24,H21-50,H31-96,L11-137,L21-161,L31-200",
6my4_rbd_G496T500G502_knob_150_16_cleaned,"H11-24,H21-49,H31-94,L11-141,L21-165,L31-204",
6my4_rbd_G496T500G502_knob_150_17_cleaned,"H11-24,H21-50,H31-98,L11-144,L21-171,L31-210",
6my4_rbd_G496T500G502_knob_150_18_cleaned,"H11-24,H21-49,H31-95,L11-142,L21-167,L31-206",
6my4_rbd_G496T500G502_knob_150_19_cleaned,"H11-24,H21-49,H31-96,L11-139,L21-165,L31-204",
6my4_rbd_G496T500G502_knob_150_1_cleaned,"H11-24,H21-49,H31-95,L11-136,L21-164,L31-203",
6my4_rbd_G496T500G502_knob_150_20_cleaned,"H11-24,H21-51,H31-98,L11-144,L21-171,L31-210",
6my4_rbd_G496T500G502_knob_150_21_cleaned,"H11-24,H21-52,H31-100,L11-147,L21-173,L31-212",
6my4_rbd_G496T500G502_knob_150_22_cleaned,"H11-24,H21-49,H31-94,L11-138,L21-162,L31-201",
6my4_rbd_G496T500G502_knob_150_23_cleaned,"H11-24,H21-50,H31-95,L11-136,L21-160,L31-199",
6my4_rbd_G496T500G502_knob_150_24_cleaned,"H11-24,H21-48,H31-94,L11-141,L21-165,L31-204",
6my4_rbd_G496T500G502_knob_150_25_cleaned,"H11-24,H21-52,H31-100,L11-143,L21-168,L31-207",
6my4_rbd_G496T500G502_knob_150_26_cleaned,"H11-24,H21-49,H31-96,L11-139,L21-165,L31-204",
6my4_rbd_G496T500G502_knob_150_27_cleaned,"H11-24,H21-51,H31-96,L11-139,L21-164,L31-203",
6my4_rbd_G496T500G502_knob_150_28_cleaned,"H11-24,H21-49,H31-98,L11-145,L21-171,L31-210",
6my4_rbd_G496T500G502_knob_150_29_cleaned,"H11-24,H21-50,H31-95,L11-140,L21-167,L31-206",
6my4_rbd_G496T500G502_knob_150_2_cleaned,"H11-24,H21-52,H31-100,L11-147,L21-174,L31-213",
6my4_rbd_G496T500G502_knob_150_30_cleaned,"H11-24,H21-50,H31-98,L11-142,L21-168,L31-207",
6my4_rbd_G496T500G502_knob_150_31_cleaned,"H11-24,H21-51,H31-98,L11-140,L21-164,L31-203",
6my4_rbd_G496T500G502_knob_150_32_cleaned,"H11-24,H21-51,H31-98,L11-139,L21-165,L31-204",
6my4_rbd_G496T500G502_knob_150_33_cleaned,"H11-24,H21-49,H31-98,L11-144,L21-169,L31-208",
6my4_rbd_G496T500G502_knob_150_34_cleaned,"H11-24,H21-50,H31-98,L11-140,L21-168,L31-207",
6my4_rbd_G496T500G502_knob_150_35_cleaned,"H11-24,H21-52,H31-97,L11-144,L21-169,L31-208",
6my4_rbd_G496T500G502_knob_150_36_cleaned,"H11-24,H21-49,H31-96,L11-140,L21-167,L31-206",
6my4_rbd_G496T500G502_knob_150_37_cleaned,"H11-24,H21-49,H31-98,L11-144,L21-170,L31-209",
6my4_rbd_G496T500G502_knob_150_38_cleaned,"H11-24,H21-49,H31-97,L11-144,L21-171,L31-210",
6my4_rbd_G496T500G502_knob_150_39_cleaned,"H11-24,H21-51,H31-99,L11-140,L21-167,L31-206",
6my4_rbd_G496T500G502_knob_150_3_cleaned,"H11-24,H21-48,H31-96,L11-139,L21-167,L31-206",
6my4_rbd_G496T500G502_knob_150_40_cleaned,"H11-24,H21-49,H31-95,L11-137,L21-164,L31-203",
6my4_rbd_G496T500G502_knob_150_41_cleaned,"H11-24,H21-48,H31-95,L11-138,L21-162,L31-201",
6my4_rbd_G496T500G502_knob_150_42_cleaned,"H11-24,H21-48,H31-93,L11-136,L21-160,L31-199",
6my4_rbd_G496T500G502_knob_150_43_cleaned,"H11-24,H21-51,H31-97,L11-144,L21-171,L31-210",
6my4_rbd_G496T500G502_knob_150_44_cleaned,"H11-24,H21-51,H31-98,L11-145,L21-173,L31-212",
6my4_rbd_G496T500G502_knob_150_45_cleaned,"H11-24,H21-48,H31-96,L11-142,L21-170,L31-209",
6my4_rbd_G496T500G502_knob_150_46_cleaned,"H11-24,H21-48,H31-93,L11-135,L21-162,L31-201",
6my4_rbd_G496T500G502_knob_150_47_cleaned,"H11-24,H21-49,H31-98,L11-143,L21-171,L31-210",
6my4_rbd_G496T500G502_knob_150_48_cleaned,"H11-24,H21-51,H31-99,L11-145,L21-169,L31-208",
6my4_rbd_G496T500G502_knob_150_49_cleaned,"H11-24,H21-51,H31-97,L11-142,L21-166,L31-205",
6my4_rbd_G496T500G502_knob_150_4_cleaned,"H11-24,H21-51,H31-99,L11-140,L21-165,L31-204",
6my4_rbd_G496T500G502_knob_150_50_cleaned,"H11-24,H21-52,H31-97,L11-141,L21-168,L31-207",
6my4_rbd_G496T500G502_knob_150_51_cleaned,"H11-24,H21-48,H31-93,L11-138,L21-164,L31-203",
6my4_rbd_G496T500G502_knob_150_52_cleaned,"H11-24,H21-52,H31-100,L11-141,L21-165,L31-204",
6my4_rbd_G496T500G502_knob_150_53_cleaned,"H11-24,H21-50,H31-98,L11-141,L21-167,L31-206",
6my4_rbd_G496T500G502_knob_150_54_cleaned,"H11-24,H21-52,H31-98,L11-139,L21-166,L31-205",
6my4_rbd_G496T500G502_knob_150_55_cleaned,"H11-24,H21-50,H31-95,L11-137,L21-162,L31-201",
6my4_rbd_G496T500G502_knob_150_56_cleaned,"H11-24,H21-48,H31-95,L11-142,L21-168,L31-207",
6my4_rbd_G496T500G502_knob_150_5_cleaned,"H11-24,H21-52,H31-98,L11-140,L21-165,L31-204",
6my4_rbd_G496T500G502_knob_150_6_cleaned,"H11-24,H21-51,H31-97,L11-143,L21-170,L31-209",
6my4_rbd_G496T500G502_knob_150_7_cleaned,"H11-24,H21-50,H31-98,L11-145,L21-172,L31-211",
6my4_rbd_G496T500G502_knob_150_8_cleaned,"H11-24,H21-50,H31-98,L11-144,L21-168,L31-207",
6my4_rbd_G496T500G502_knob_150_9_cleaned,"H11-24,H21-48,H31-94,L11-137,L21-165,L31-204",
6my4_rbd_G496T500G502_knob_250_0_cleaned,"H11-24,H21-50,H31-97,L11-141,L21-169,L31-208",
6my4_rbd_G496T500G502_knob_250_10_cleaned,"H11-24,H21-52,H31-97,L11-144,L21-172,L31-211",
6my4_rbd_G496T500G502_knob_250_11_cleaned,"H11-24,H21-49,H31-94,L11-135,L21-161,L31-200",
6my4_rbd_G496T500G502_knob_250_12_cleaned,"H11-24,H21-48,H31-95,L11-139,L21-165,L31-204",
6my4_rbd_G496T500G502_knob_250_13_cleaned,"H11-24,H21-52,H31-99,L11-141,L21-165,L31-204",
6my4_rbd_G496T500G502_knob_250_14_cleaned,"H11-24,H21-52,H31-101,L11-146,L21-171,L31-210",
6my4_rbd_G496T500G502_knob_250_15_cleaned,"H11-24,H21-49,H31-98,L11-145,L21-171,L31-210",
6my4_rbd_G496T500G502_knob_250_16_cleaned,"H11-24,H21-50,H31-95,L11-137,L21-163,L31-202",
6my4_rbd_G496T500G502_knob_250_17_cleaned,"H11-24,H21-48,H31-97,L11-142,L21-166,L31-205",
6my4_rbd_G496T500G502_knob_250_18_cleaned,"H11-24,H21-51,H31-97,L11-140,L21-164,L31-203",
6my4_rbd_G496T500G502_knob_250_19_cleaned,"H11-24,H21-52,H31-98,L11-139,L21-164,L31-203",
6my4_rbd_G496T500G502_knob_250_1_cleaned,"H11-24,H21-49,H31-95,L11-139,L21-164,L31-203",
6my4_rbd_G496T500G502_knob_250_20_cleaned,"H11-24,H21-52,H31-101,L11-144,L21-170,L31-209",
6my4_rbd_G496T500G502_knob_250_21_cleaned,"H11-24,H21-52,H31-97,L11-141,L21-168,L31-207",
6my4_rbd_G496T500G502_knob_250_22_cleaned,"H11-24,H21-50,H31-99,L11-146,L21-174,L31-213",
6my4_rbd_G496T500G502_knob_250_23_cleaned,"H11-24,H21-49,H31-96,L11-143,L21-170,L31-209",
6my4_rbd_G496T500G502_knob_250_24_cleaned,"H11-24,H21-48,H31-97,L11-144,L21-172,L31-211",
6my4_rbd_G496T500G502_knob_250_2_cleaned,"H11-24,H21-49,H31-98,L11-142,L21-170,L31-209",
6my4_rbd_G496T500G502_knob_250_3_cleaned,"H11-24,H21-48,H31-96,L11-142,L21-166,L31-205",
6my4_rbd_G496T500G502_knob_250_4_cleaned,"H11-24,H21-49,H31-98,L11-142,L21-167,L31-206",
6my4_rbd_G496T500G502_knob_250_5_cleaned,"H11-24,H21-51,H31-96,L11-138,L21-162,L31-201",
6my4_rbd_G496T500G502_knob_250_6_cleaned,"H11-24,H21-49,H31-98,L11-144,L21-171,L31-210",
6my4_rbd_G496T500G502_knob_250_7_cleaned,"H11-24,H21-50,H31-98,L11-144,L21-169,L31-208",
6my4_rbd_G496T500G502_knob_250_8_cleaned,"H11-24,H21-52,H31-97,L11-143,L21-169,L31-208",
6my4_rbd_G496T500G502_knob_250_9_cleaned,"H11-24,H21-48,H31-93,L11-137,L21-163,L31-202",
6my4_rbd_G496T500G502_knob_75_0_cleaned,"H11-24,H21-50,H31-98,L11-145,L21-169,L31-208",
6my4_rbd_G496T500G502_knob_75_10_cleaned,"H11-24,H21-52,H31-101,L11-143,L21-170,L31-209",
6my4_rbd_G496T500G502_knob_75_11_cleaned,"H11-24,H21-50,H31-98,L11-141,L21-168,L31-207",
6my4_rbd_G496T500G502_knob_75_12_cleaned,"H11-24,H21-48,H31-95,L11-138,L21-164,L31-203",
6my4_rbd_G496T500G502_knob_75_13_cleaned,"H11-24,H21-48,H31-97,L11-140,L21-165,L31-204",
6my4_rbd_G496T500G502_knob_75_14_cleaned,"H11-24,H21-50,H31-98,L11-141,L21-167,L31-206",
6my4_rbd_G496T500G502_knob_75_15_cleaned,"H11-24,H21-49,H31-96,L11-140,L21-166,L31-205",
6my4_rbd_G496T500G502_knob_75_16_cleaned,"H11-24,H21-51,H31-99,L11-145,L21-173,L31-212",
6my4_rbd_G496T500G502_knob_75_17_cleaned,"H11-24,H21-49,H31-97,L11-140,L21-165,L31-204",
6my4_rbd_G496T500G502_knob_75_18_cleaned,"H11-24,H21-50,H31-99,L11-142,L21-170,L31-209",
6my4_rbd_G496T500G502_knob_75_19_cleaned,"H11-24,H21-48,H31-97,L11-142,L21-170,L31-209",
6my4_rbd_G496T500G502_knob_75_1_cleaned,"H11-24,H21-48,H31-96,L11-143,L21-168,L31-207",
6my4_rbd_G496T500G502_knob_75_20_cleaned,"H11-24,H21-51,H31-96,L11-143,L21-170,L31-209",
6my4_rbd_G496T500G502_knob_75_21_cleaned,"H11-24,H21-52,H31-101,L11-144,L21-168,L31-207",
6my4_rbd_G496T500G502_knob_75_22_cleaned,"H11-24,H21-50,H31-97,L11-143,L21-168,L31-207",
6my4_rbd_G496T500G502_knob_75_23_cleaned,"H11-24,H21-49,H31-95,L11-138,L21-165,L31-204",
6my4_rbd_G496T500G502_knob_75_24_cleaned,"H11-24,H21-48,H31-94,L11-139,L21-167,L31-206",
6my4_rbd_G496T500G502_knob_75_25_cleaned,"H11-24,H21-48,H31-97,L11-144,L21-169,L31-208",
6my4_rbd_G496T500G502_knob_75_26_cleaned,"H11-24,H21-51,H31-98,L11-143,L21-171,L31-210",
6my4_rbd_G496T500G502_knob_75_27_cleaned,"H11-24,H21-51,H31-97,L11-142,L21-167,L31-206",
6my4_rbd_G496T500G502_knob_75_28_cleaned,"H11-24,H21-50,H31-99,L11-145,L21-170,L31-209",
6my4_rbd_G496T500G502_knob_75_29_cleaned,"H11-24,H21-49,H31-95,L11-141,L21-166,L31-205",
6my4_rbd_G496T500G502_knob_75_2_cleaned,"H11-24,H21-49,H31-97,L11-139,L21-164,L31-203",
6my4_rbd_G496T500G502_knob_75_30_cleaned,"H11-24,H21-52,H31-100,L11-144,L21-170,L31-209",
6my4_rbd_G496T500G502_knob_75_31_cleaned,"H11-24,H21-48,H31-93,L11-136,L21-160,L31-199",
6my4_rbd_G496T500G502_knob_75_32_cleaned,"H11-24,H21-51,H31-98,L11-143,L21-168,L31-207",
6my4_rbd_G496T500G502_knob_75_33_cleaned,"H11-24,H21-52,H31-98,L11-142,L21-169,L31-208",
6my4_rbd_G496T500G502_knob_75_34_cleaned,"H11-24,H21-49,H31-98,L11-141,L21-166,L31-205",
6my4_rbd_G496T500G502_knob_75_35_cleaned,"H11-24,H21-51,H31-98,L11-140,L21-167,L31-206",
6my4_rbd_G496T500G502_knob_75_36_cleaned,"H11-24,H21-49,H31-98,L11-139,L21-167,L31-206",
6my4_rbd_G496T500G502_knob_75_37_cleaned,"H11-24,H21-52,H31-98,L11-140,L21-168,L31-207",
6my4_rbd_G496T500G502_knob_75_38_cleaned,"H11-24,H21-48,H31-95,L11-141,L21-168,L31-207",
6my4_rbd_G496T500G502_knob_75_39_cleaned,"H11-24,H21-51,H31-99,L11-140,L21-165,L31-204",
6my4_rbd_G496T500G502_knob_75_3_cleaned,"H11-24,H21-49,H31-95,L11-142,L21-170,L31-209",
6my4_rbd_G496T500G502_knob_75_40_cleaned,"H11-24,H21-50,H31-98,L11-142,L21-167,L31-206",
6my4_rbd_G496T500G502_knob_75_41_cleaned,"H11-24,H21-51,H31-96,L11-142,L21-170,L31-209",
6my4_rbd_G496T500G502_knob_75_42_cleaned,"H11-24,H21-52,H31-98,L11-140,L21-168,L31-207",
6my4_rbd_G496T500G502_knob_75_43_cleaned,"H11-24,H21-48,H31-93,L11-137,L21-161,L31-200",
6my4_rbd_G496T500G502_knob_75_44_cleaned,"H11-24,H21-52,H31-99,L11-140,L21-166,L31-205",
6my4_rbd_G496T500G502_knob_75_45_cleaned,"H11-24,H21-52,H31-97,L11-139,L21-163,L31-202",
6my4_rbd_G496T500G502_knob_75_46_cleaned,"H11-24,H21-49,H31-96,L11-139,L21-166,L31-205",
6my4_rbd_G496T500G502_knob_75_47_cleaned,"H11-24,H21-50,H31-97,L11-140,L21-166,L31-205",
6my4_rbd_G496T500G502_knob_75_48_cleaned,"H11-24,H21-50,H31-96,L11-140,L21-165,L31-204",
6my4_rbd_G496T500G502_knob_75_49_cleaned,"H11-24,H21-49,H31-98,L11-141,L21-165,L31-204",
6my4_rbd_G496T500G502_knob_75_4_cleaned,"H11-24,H21-48,H31-94,L11-139,L21-167,L31-206",
6my4_rbd_G496T500G502_knob_75_50_cleaned,"H11-24,H21-50,H31-97,L11-142,L21-168,L31-207",
6my4_rbd_G496T500G502_knob_75_51_cleaned,"H11-24,H21-52,H31-101,L11-147,L21-173,L31-212",
6my4_rbd_G496T500G502_knob_75_52_cleaned,"H11-24,H21-52,H31-100,L11-146,L21-173,L31-212",
6my4_rbd_G496T500G502_knob_75_53_cleaned,"H11-24,H21-51,H31-99,L11-144,L21-170,L31-209",
6my4_rbd_G496T500G502_knob_75_54_cleaned,"H11-24,H21-50,H31-97,L11-138,L21-163,L31-202",
6my4_rbd_G496T500G502_knob_75_5_cleaned,"H11-24,H21-50,H31-95,L11-137,L21-161,L31-200",
6my4_rbd_G496T500G502_knob_75_6_cleaned,"H11-24,H21-51,H31-98,L11-142,L21-167,L31-206",
6my4_rbd_G496T500G502_knob_75_7_cleaned,"H11-24,H21-52,H31-99,L11-143,L21-171,L31-210",
6my4_rbd_G496T500G502_knob_75_8_cleaned,"H11-24,H21-50,H31-95,L11-136,L21-164,L31-203",
6my4_rbd_G496T500G502_knob_75_9_cleaned,"H11-24,H21-51,H31-96,L11-141,L21-166,L31-205",
